{
    "$schema": "https://schema.management.azure.com/schemas/2015-01-01/deploymentParameters.json#",
    "contentVersion": "1.0.0.0",
    "parameters": {
        "applicationResourceName": {
            "value": "PPMWSyncMA"
        },
        "namePrefix": {
            "value": "PPMWSync"
        },
        "location": {
            "value": "northeurope"
        },
        "managedResourceGroupId": {
            "value": "/subscriptions/d5c482bf-b3ab-4825-bcf8-0de8311a206e/resourceGroups/mrg-pjdw-20221107024021"
        }
    }
}