{
    "$schema": "https://schema.management.azure.com/schemas/2015-01-01/deploymentTemplate.json#",
    "contentVersion": "1.0.0.0",
    "parameters": {
        "namePrefix": {
            "type": "string"
        },
        "location": {
            "type": "string",
            "defaultValue": "[resourceGroup().location]"
        },
        "namePrefixLower": {
            "type": "string",
            "defaultValue": "[toLower(parameters('namePrefix'))]"
        },
        "timeId": {
            "type": "string",
            "defaultValue": "[substring(deployment().name,sub(length(deployment().name),14),14)]"
        },
        "sites_PPMWSyncFAModel_name": {
            "defaultValue": "[concat(parameters('namePrefix'),'FA',parameters('timeId'))]",
            "type": "String"
        },
        "servers_PPMWSyncsrvmodel_name": {
            "defaultValue": "[concat(parameters('namePrefixLower'),'srv',parameters('timeId'))]",
            "type": "String"
        },
        "PPMWSyncAccount": {
            "defaultValue": "PPMWSyncAccount",
            "type": "String"
        },
        "PPMWSyncAccountPassword": {
            "defaultValue": "tJa815cXO00ZcaIfdYd8LvlYy7w73v4P",
            "type": "String"
        },
        "databases_PPMWSyncDBModel_name": {
            "defaultValue": "[concat(parameters('namePrefix'),'DB',parameters('timeId'))]",
            "type": "String"
        },
        "components_PPMWSyncAIModel_name": {
            "defaultValue": "[concat(parameters('namePrefix'),'AI',parameters('timeId'))]",
            "type": "String"
        },
        "serverfarms_ASP_PPMWSyncModel_name": {
            "defaultValue": "[concat(parameters('namePrefix'),'ASP',parameters('timeId'))]",
            "type": "String"
        },
        "storageAccounts_PPMWSyncsamodel_name": {
            "defaultValue": "[concat(parameters('namePrefixLower'),'sa',parameters('timeId'))]",
            "type": "String"
        },
        "actionGroups_Application_Insights_Smart_Detection_name": {
            "defaultValue": "Application Insights Smart Detection",
            "type": "String"
        },
        "applicationResourceName": {
            "type": "string",
            "defaultValue": "9528269d75ff4df2b5bcf1d858d77826"
        },
        "managedResourceGroupId": {
            "type": "string",
            "defaultValue": ""
        },
        "managedIdentity": {
            "type": "object",
            "defaultValue": {}
        }
    },
    "variables": {
        "managedResourceGroupId": "[if(empty(parameters('managedResourceGroupId')),concat(subscription().id,'/resourceGroups/',take(concat(resourceGroup().name,'-',uniquestring(resourceGroup().id),uniquestring(parameters('applicationResourceName'))),90)),parameters('managedResourceGroupId'))]"
    },
    "resources": [
        {
            "type": "Microsoft.Solutions/applications",
            "apiVersion": "2017-09-01",
            "location": "[resourceGroup().Location]",
            "kind": "MarketPlace",
            "name": "[parameters('applicationResourceName')]",
            "plan": {
                "name": "01",
                "product": "pjdw",
                "publisher": "ppmworksinc1604096364482",
                "version": "1.0.5"
            },
            "identity": "[if(empty(parameters('managedIdentity')),json('null'),parameters('managedIdentity'))]",
            "properties": {
                "managedResourceGroupId": "[variables('managedResourceGroupId')]",
                "parameters": {
                    "namePrefix": {
                        "value": "[parameters('namePrefix')]"
                    },
                    "location": {
                        "value": "[parameters('location')]"
                    },
                    "namePrefixLower": {
                        "value": "[parameters('namePrefixLower')]"
                    },
                    "timeId": {
                        "value": "[parameters('timeId')]"
                    },
                    "sites_PPMWSyncFAModel_name": {
                        "value": "[parameters('sites_PPMWSyncFAModel_name')]"
                    },
                    "servers_PPMWSyncsrvmodel_name": {
                        "value": "[parameters('servers_PPMWSyncsrvmodel_name')]"
                    },
                    "PPMWSyncAccount": {
                        "value": "[parameters('PPMWSyncAccount')]"
                    },
                    "PPMWSyncAccountPassword": {
                        "value": "[parameters('PPMWSyncAccountPassword')]"
                    },
                    "databases_PPMWSyncDBModel_name": {
                        "value": "[parameters('databases_PPMWSyncDBModel_name')]"
                    },
                    "components_PPMWSyncAIModel_name": {
                        "value": "[parameters('components_PPMWSyncAIModel_name')]"
                    },
                    "serverfarms_ASP_PPMWSyncModel_name": {
                        "value": "[parameters('serverfarms_ASP_PPMWSyncModel_name')]"
                    },
                    "storageAccounts_PPMWSyncsamodel_name": {
                        "value": "[parameters('storageAccounts_PPMWSyncsamodel_name')]"
                    },
                    "actionGroups_Application_Insights_Smart_Detection_name": {
                        "value": "[parameters('actionGroups_Application_Insights_Smart_Detection_name')]"
                    }
                },
                "jitAccessPolicy": null
            }
        }
    ]
}